Service,copy type,copy
Welding & Custom Metal Work,keyword,[mobile welding san diego]
Welding & Custom Metal Work,keyword,"""mobile welding san diego"""
Welding & Custom Metal Work,keyword,[gate repair welding]
Welding & Custom Metal Work,keyword,"""gate welding repair"""
Welding & Custom Metal Work,keyword,[metal fence repair]
Welding & Custom Metal Work,keyword,"""metal railing repair"""
Welding & Custom Metal Work,keyword,[handrail welding repair]
Welding & Custom Metal Work,keyword,"""security door welding"""
Welding & Custom Metal Work,keyword,[custom metal fabrication]
Welding & Custom Metal Work,keyword,"""custom metal repair"""
Welding & Custom Metal Work,keyword,[welding repair near me]
Welding & Custom Metal Work,keyword,"""small welding jobs"""
Welding & Custom Metal Work,keyword,[bracket fabrication]
Welding & Custom Metal Work,keyword,"""custom steel brackets"""
Welding & Custom Metal Work,keyword,[gate hinge welding]
Welding & Custom Metal Work,keyword,"""fence welding repair"""
Welding & Custom Metal Work,headline,Mobile Welding San Diego
Welding & Custom Metal Work,headline,Gate And Fence Welding
Welding & Custom Metal Work,headline,Custom Metal Repair
Welding & Custom Metal Work,headline,Handrail Welding Repair
Welding & Custom Metal Work,headline,Broken Gate Weld Repair
Welding & Custom Metal Work,headline,On-Site Welding Service
Welding & Custom Metal Work,headline,Custom Brackets Made
Welding & Custom Metal Work,headline,Security Door Welding
Welding & Custom Metal Work,headline,Metal Railing Repairs
Welding & Custom Metal Work,headline,Small Fabrication Jobs
Welding & Custom Metal Work,headline,Repair Or Rebuild Metal
Welding & Custom Metal Work,headline,Clean Strong Weld Repairs
Welding & Custom Metal Work,headline,Local Welder For Small Jobs
Welding & Custom Metal Work,headline,Send Photos For A Quote
Welding & Custom Metal Work,headline,Handyman Grant Welding
Welding & Custom Metal Work,description,"Mobile welding for gates, railings, security doors, brackets, and custom metal repairs."
Welding & Custom Metal Work,description,"Send photos of the failed part for a clear repair, reinforcement, or fabrication plan."
Welding & Custom Metal Work,description,"Practical metal repairs and custom builds with thoughtful fit, finish, and execution."
Welding & Custom Metal Work,description,"Serving San Diego with honest estimates, clear communication, and skilled welding work."
Electrical Work,keyword,[electrical repair san diego]
Electrical Work,keyword,"""electrical handyman san diego"""
Electrical Work,keyword,[gfci outlet repair]
Electrical Work,keyword,"""gfci outlet replacement"""
Electrical Work,keyword,[outlet repair near me]
Electrical Work,keyword,"""dead outlet repair"""
Electrical Work,keyword,[light switch repair]
Electrical Work,keyword,"""replace light switch"""
Electrical Work,keyword,[light fixture installation]
Electrical Work,keyword,"""ceiling fan installation"""
Electrical Work,keyword,[electrical troubleshooting]
Electrical Work,keyword,"""bathroom gfci upgrade"""
Electrical Work,keyword,[kitchen outlet repair]
Electrical Work,keyword,"""handyman electrical repair"""
Electrical Work,keyword,[outlet and switch repair]
Electrical Work,keyword,"""fixture installation san diego"""
Electrical Work,headline,Electrical Repair San Diego
Electrical Work,headline,GFCI Outlet Repair
Electrical Work,headline,Outlet And Switch Repair
Electrical Work,headline,Electrical Troubleshooting
Electrical Work,headline,Light Fixture Installation
Electrical Work,headline,Ceiling Fan Installation
Electrical Work,headline,Fix Dead Outlets
Electrical Work,headline,Replace Old Switches
Electrical Work,headline,Bathroom GFCI Upgrades
Electrical Work,headline,Kitchen Outlet Repairs
Electrical Work,headline,Careful Electrical Repairs
Electrical Work,headline,Clean Fixture Upgrades
Electrical Work,headline,Same-Week Electrical Help
Electrical Work,headline,Send Photos For A Quote
Electrical Work,headline,Handyman Grant Electrical
Electrical Work,description,"Troubleshooting, GFCI upgrades, outlets, switches, fixtures, and ceiling fan installs."
Electrical Work,description,"Careful electrical work with clear explanations, tidy connections, and thorough testing."
Electrical Work,description,Have a dead outlet or problem switch? Send photos and describe what is happening.
Electrical Work,description,Serving San Diego with honest estimates and practical solutions for electrical repairs.
Doors & Security Doors,keyword,[door repair san diego]
Doors & Security Doors,keyword,"""door repair san diego"""
Doors & Security Doors,keyword,[fix sticking door]
Doors & Security Doors,keyword,"""door won't latch"""
Doors & Security Doors,keyword,[sagging door repair]
Doors & Security Doors,keyword,"""door hinge repair"""
Doors & Security Doors,keyword,[door alignment repair]
Doors & Security Doors,keyword,"""door rubs frame"""
Doors & Security Doors,keyword,[security door repair]
Doors & Security Doors,keyword,"""door slab installation"""
Doors & Security Doors,keyword,[deadbolt installation]
Doors & Security Doors,keyword,"""lock installation handyman"""
Doors & Security Doors,keyword,[weatherstripping replacement]
Doors & Security Doors,keyword,"""exterior door repair"""
Doors & Security Doors,keyword,[interior door repair]
Doors & Security Doors,keyword,"""door closer repair"""
Doors & Security Doors,headline,Door Repair San Diego
Doors & Security Doors,headline,Fix Sticking Doors
Doors & Security Doors,headline,Door Won't Latch?
Doors & Security Doors,headline,Sagging Door Repair
Doors & Security Doors,headline,Door Hinge And Latch Repair
Doors & Security Doors,headline,Interior Door Repair
Doors & Security Doors,headline,Exterior Door Repair
Doors & Security Doors,headline,Security Door Repair
Doors & Security Doors,headline,Door Slab Installation
Doors & Security Doors,headline,Lock And Deadbolt Install
Doors & Security Doors,headline,Weatherstripping Repair
Doors & Security Doors,headline,Fix Doors That Rub
Doors & Security Doors,headline,Smooth Quiet Door Operation
Doors & Security Doors,headline,Send Door Photos For Quote
Doors & Security Doors,headline,Handyman Grant Door Repair
Doors & Security Doors,description,"Repair sticking, sagging, rubbing, and hard-to-latch doors throughout San Diego."
Doors & Security Doors,description,"Door slabs, hinges, latches, locks, closers, weatherstripping, and security door work."
Doors & Security Doors,description,"Send photos of the door, hinges, and gaps for a faster diagnosis and clearer estimate."
Doors & Security Doors,description,"Careful fitting focused on smooth operation, clean reveals, and solid hardware."
Plumbing Specialties,keyword,[plumbing repair san diego]
Plumbing Specialties,keyword,"""handyman plumbing san diego"""
Plumbing Specialties,keyword,[faucet installation]
Plumbing Specialties,keyword,"""faucet replacement near me"""
Plumbing Specialties,keyword,[toilet installation]
Plumbing Specialties,keyword,"""toilet replacement handyman"""
Plumbing Specialties,keyword,[garbage disposal install]
Plumbing Specialties,keyword,"""garbage disposal replacement"""
Plumbing Specialties,keyword,[supply line replacement]
Plumbing Specialties,keyword,"""shutoff valve repair"""
Plumbing Specialties,keyword,[sink trap repair]
Plumbing Specialties,keyword,"""leaky faucet repair"""
Plumbing Specialties,keyword,[small plumbing repair]
Plumbing Specialties,keyword,"""bathroom fixture installation"""
Plumbing Specialties,keyword,[kitchen plumbing repair]
Plumbing Specialties,keyword,"""toilet repair san diego"""
Plumbing Specialties,headline,Plumbing Repair San Diego
Plumbing Specialties,headline,Faucet Installation
Plumbing Specialties,headline,Toilet Installation
Plumbing Specialties,headline,Garbage Disposal Install
Plumbing Specialties,headline,Fix Leaky Faucets
Plumbing Specialties,headline,Supply Line Replacement
Plumbing Specialties,headline,Shutoff Valve Repair
Plumbing Specialties,headline,Sink And Toilet Repairs
Plumbing Specialties,headline,Plumbing Fixture Upgrades
Plumbing Specialties,headline,Clean Leak-Free Installs
Plumbing Specialties,headline,Kitchen Plumbing Repairs
Plumbing Specialties,headline,Bathroom Plumbing Repairs
Plumbing Specialties,headline,Small Plumbing Jobs
Plumbing Specialties,headline,Send Plumbing Photos
Plumbing Specialties,headline,Handyman Grant Plumbing
Plumbing Specialties,description,"Faucets, toilets, disposals, supply lines, shutoffs, traps, and common plumbing repairs."
Plumbing Specialties,description,"Clean fixture installations with careful connections, leak checks, and tidy cleanup."
Plumbing Specialties,description,Send photos under the sink or around the fixture for a faster diagnosis and estimate.
Plumbing Specialties,description,Serving San Diego with practical plumbing solutions and clear pricing before work begins.
Tankless Water Heater Descaling,keyword,[tankless descaling san diego]
Tankless Water Heater Descaling,keyword,"""tankless water heater flush"""
Tankless Water Heater Descaling,keyword,[tankless heater maintenance]
Tankless Water Heater Descaling,keyword,"""tankless descaling service"""
Tankless Water Heater Descaling,keyword,[flush tankless water heater]
Tankless Water Heater Descaling,keyword,"""tankless water heater cleaning"""
Tankless Water Heater Descaling,keyword,[tankless service near me]
Tankless Water Heater Descaling,keyword,"""annual tankless maintenance"""
Tankless Water Heater Descaling,keyword,[navien descaling service]
Tankless Water Heater Descaling,keyword,"""rinnai tankless flush"""
Tankless Water Heater Descaling,keyword,[noritz tankless maintenance]
Tankless Water Heater Descaling,keyword,"""tankless mineral buildup"""
Tankless Water Heater Descaling,keyword,[tankless hot water low flow]
Tankless Water Heater Descaling,keyword,"""tankless water heater service"""
Tankless Water Heater Descaling,headline,Tankless Descaling San Diego
Tankless Water Heater Descaling,headline,Tankless Water Heater Flush
Tankless Water Heater Descaling,headline,Restore Tankless Performance
Tankless Water Heater Descaling,headline,Annual Tankless Maintenance
Tankless Water Heater Descaling,headline,Flush Mineral Buildup
Tankless Water Heater Descaling,headline,Improve Hot Water Flow
Tankless Water Heater Descaling,headline,Tankless Heater Service
Tankless Water Heater Descaling,headline,Clean Tankless Water Heater
Tankless Water Heater Descaling,headline,Protect Your Tankless System
Tankless Water Heater Descaling,headline,Professional System Flush
Tankless Water Heater Descaling,headline,Tankless Maintenance Visit
Tankless Water Heater Descaling,headline,Descale Your Water Heater
Tankless Water Heater Descaling,headline,Clear Tankless Service Price
Tankless Water Heater Descaling,headline,Schedule A Tankless Flush
Tankless Water Heater Descaling,headline,Handyman Grant Tankless
Tankless Water Heater Descaling,description,"Professional tankless descaling, flushing, filter cleaning, and performance checks."
Tankless Water Heater Descaling,description,"Remove mineral buildup that can reduce flow, efficiency, and reliable hot water delivery."
Tankless Water Heater Descaling,description,"Clean service using proper flush equipment, followed by a system check and walkthrough."
Tankless Water Heater Descaling,description,Schedule routine tankless maintenance in San Diego with clear pricing before the visit.
Drywall Repair,keyword,[drywall repair san diego]
Drywall Repair,keyword,"""drywall repair san diego"""
Drywall Repair,keyword,[hole in wall repair]
Drywall Repair,keyword,"""drywall patch near me"""
Drywall Repair,keyword,[ceiling drywall repair]
Drywall Repair,keyword,"""ceiling patch repair"""
Drywall Repair,keyword,[texture matching drywall]
Drywall Repair,keyword,"""wall texture repair"""
Drywall Repair,keyword,[drywall access hole repair]
Drywall Repair,keyword,"""doorknob hole repair"""
Drywall Repair,keyword,[small drywall repair]
Drywall Repair,keyword,"""patch and paint drywall"""
Drywall Repair,keyword,[drywall crack repair]
Drywall Repair,keyword,"""wall patch handyman"""
Drywall Repair,keyword,[ceiling texture repair]
Drywall Repair,keyword,"""drywall repair near me"""
Drywall Repair,headline,Drywall Repair San Diego
Drywall Repair,headline,Hole In Wall Repair
Drywall Repair,headline,Ceiling Drywall Repair
Drywall Repair,headline,Texture Matching Repair
Drywall Repair,headline,Patch And Paint Drywall
Drywall Repair,headline,Repair Access Holes
Drywall Repair,headline,Doorknob Hole Repair
Drywall Repair,headline,Wall And Ceiling Patches
Drywall Repair,headline,Clean Drywall Finishing
Drywall Repair,headline,Drywall Damage Repaired
Drywall Repair,headline,Blend Patches Into The Wall
Drywall Repair,headline,Small Drywall Jobs
Drywall Repair,headline,Same-Week Drywall Repair
Drywall Repair,headline,Send Photos For A Quote
Drywall Repair,headline,Handyman Grant Drywall
Drywall Repair,description,"Drywall and ceiling patches, access cuts, holes, texture blending, and touch-up paint."
Drywall Repair,description,"Careful repairs built in layers, sanded cleanly, and finished to blend into the room."
Drywall Repair,description,Send wide and close photos of the damage for a clearer scope and faster estimate.
Drywall Repair,description,"Serving San Diego with tidy prep, protected surfaces, and professional drywall finishing."
Move-In & Punch List Work,keyword,[punch list repairs san diego]
Move-In & Punch List Work,keyword,"""handyman punch list"""
Move-In & Punch List Work,keyword,[move in repairs]
Move-In & Punch List Work,keyword,"""move out repairs handyman"""
Move-In & Punch List Work,keyword,[rental turnover repairs]
Move-In & Punch List Work,keyword,"""landlord handyman san diego"""
Move-In & Punch List Work,keyword,[multiple small repairs]
Move-In & Punch List Work,keyword,"""one visit handyman"""
Move-In & Punch List Work,keyword,[home repair list]
Move-In & Punch List Work,keyword,"""condo punch list"""
Move-In & Punch List Work,keyword,[pre sale home repairs]
Move-In & Punch List Work,keyword,"""property maintenance handyman"""
Move-In & Punch List Work,keyword,[small jobs handyman]
Move-In & Punch List Work,keyword,"""fix it list service"""
Move-In & Punch List Work,keyword,[rental property repairs]
Move-In & Punch List Work,keyword,"""home inspection repair list"""
Move-In & Punch List Work,headline,Punch List Repairs San Diego
Move-In & Punch List Work,headline,Move-In Repair Service
Move-In & Punch List Work,headline,Multiple Repairs One Visit
Move-In & Punch List Work,headline,Rental Turnover Repairs
Move-In & Punch List Work,headline,Home Fix-It List Help
Move-In & Punch List Work,headline,Condo Punch List Repairs
Move-In & Punch List Work,headline,Move-Out Repair Help
Move-In & Punch List Work,headline,Landlord Repair Service
Move-In & Punch List Work,headline,Small Jobs Done Efficiently
Move-In & Punch List Work,headline,Doors Drywall Caulk More
Move-In & Punch List Work,headline,Finish Your Home Repair List
Move-In & Punch List Work,headline,One Visit For Several Fixes
Move-In & Punch List Work,headline,Send Your List And Photos
Move-In & Punch List Work,headline,Clear Itemized Estimate
Move-In & Punch List Work,headline,Handyman Grant Punch List
Move-In & Punch List Work,description,"Bundle doors, drywall, caulking, hardware, mounting, and small repairs in one visit."
Move-In & Punch List Work,description,"Great for move-ins, rental turnovers, landlords, homeowners, and pre-sale fix-up lists."
Move-In & Punch List Work,description,Send a numbered list with photos so every item can be scoped and priced clearly.
Move-In & Punch List Work,description,"Efficient, organized repair visits with itemized estimates and a final walkthrough."
